<?xml version="1.0" encoding="UTF-8"?>
<project-private xmlns="http://www.netbeans.org/ns/project-private/1">
    <editor-bookmarks xmlns="http://www.netbeans.org/ns/editor-bookmarks/2" lastBookmarkId="0"/>
    <open-files xmlns="http://www.netbeans.org/ns/projectui-open-files/2">
        <group>
            <file>file:/C:/Users/DeAsis/Documents/SistemaElectronica/src/java/operadores/DaoProductos.java</file>
            <file>file:/C:/Users/DeAsis/Documents/SistemaElectronica/src/java/operadores/DaoCargo.java</file>
            <file>file:/C:/Users/DeAsis/Documents/SistemaElectronica/src/java/operadores/DaoClientes.java</file>
            <file>file:/C:/Users/DeAsis/Documents/SistemaElectronica/src/java/Models/ViewModelProveedor.java</file>
            <file>file:/C:/Users/DeAsis/Documents/SistemaElectronica/web/OpcionesUsuario/Modificar/ModificarProveedor.jsp</file>
            <file>file:/C:/Users/DeAsis/Documents/SistemaElectronica/web/OpcionesUsuario/Gestionar/GestionarDetallesCompras.jsp</file>
            <file>file:/C:/Users/DeAsis/Documents/SistemaElectronica/src/java/operadores/DaoProveedor.java</file>
            <file>file:/C:/Users/DeAsis/Documents/SistemaElectronica/web/OpcionesUsuario/Gestionar/GestionarProveedores.jsp</file>
            <file>file:/C:/Users/DeAsis/Documents/SistemaElectronica/src/java/Servlets/ServletPrincipal.java</file>
            <file>file:/C:/Users/DeAsis/Documents/SistemaElectronica/web/OpcionesUsuario/GestionarUsuarios.jsp</file>
            <file>file:/C:/Users/DeAsis/Documents/SistemaElectronica/web/OpcionesUsuario/GestionarEmpleados.jsp</file>
        </group>
    </open-files>
</project-private>
