<?xml version="1.0" encoding="UTF-8"?>
<project-private xmlns="http://www.netbeans.org/ns/project-private/1">
    <editor-bookmarks xmlns="http://www.netbeans.org/ns/editor-bookmarks/2" lastBookmarkId="0"/>
    <open-files xmlns="http://www.netbeans.org/ns/projectui-open-files/2">
        <group>
            <file>file:/E:/Universidad/Instructorías/Desarrollo%20de%20Software%20I/Guías/Guía%204/Recursos/SistemaWeb/web/error404.html</file>
            <file>file:/E:/Universidad/Instructorías/Desarrollo%20de%20Software%20I/Guías/Guía%204/Recursos/SistemaWeb/web/WEB-INF/glassfish-web.xml</file>
            <file>file:/E:/Universidad/Instructorías/Desarrollo%20de%20Software%20I/Guías/Guía%204/Recursos/SistemaWeb/src/java/Servlets/ServletPrincipal.java</file>
            <file>file:/E:/Universidad/Instructorías/Desarrollo%20de%20Software%20I/Guías/Guía%204/Recursos/SistemaWeb/web/Login.html</file>
            <file>file:/E:/Universidad/Instructorías/Desarrollo%20de%20Software%20I/Guías/Guía%204/Recursos/SistemaWeb/web/WEB-INF/web.xml</file>
            <file>file:/E:/Universidad/Instructorías/Desarrollo%20de%20Software%20I/Guías/Guía%204/Recursos/SistemaWeb/src/java/Servlets/ServletError.java</file>
            <file>file:/E:/Universidad/Instructorías/Desarrollo%20de%20Software%20I/Guías/Guía%204/Recursos/SistemaWeb/web/error500.html</file>
            <file>file:/E:/Universidad/Instructorías/Desarrollo%20de%20Software%20I/Guías/Guía%204/Recursos/SistemaWeb/web/index.html</file>
            <file>file:/E:/Universidad/Instructorías/Desarrollo%20de%20Software%20I/Guías/Guía%204/Recursos/SistemaWeb/web/RegistroEncargados.html</file>
        </group>
    </open-files>
</project-private>
